<filetype binary="false" description="FlipJump" name="FlipJump">
  <highlighting>
    <options>
      <option name="LINE_COMMENT" value="//" />
      <option name="COMMENT_START" value="" />
      <option name="COMMENT_END" value="" />
      <option name="HEX_PREFIX" value="0x" />
      <option name="NUM_POSTFIXES" value="" />
      <option name="HAS_BRACES" value="true" />
      <option name="HAS_PARENS" value="true" />
      <option name="HAS_STRING_ESCAPES" value="true" />
    </options>
    <keywords keywords=",;def;ns;rep" ignore_case="false" />
    <keywords2 keywords="dbit;dw;w" />
    <keywords3 keywords="pad;reserve;segment;wflip">
      <keyword name=";" />
    </keywords3>
    <keywords4 keywords="!=;#;%;&amp;;*;+;-;/;:;&lt;;=;&gt;;?;@;^;|" />
  </highlighting>
  <extensionMap>
    <mapping pattern="*fj" />
  </extensionMap>
</filetype>